SCHOOL,DISTRICT,SCH_TYPE,LOW_GRADE,HIGH_GRD,TYPE_DESC,SCH_CAT,CHARTER,FULL_ADDR,PHYS_COUNT,CESA,DPI_KEY,DIST_CODE,SCH_CODE,UNIQUE,NCES_DIST,NCES_SCH,Latitude,Longitude,Comment_Vax,PctMetMinRequirements_Vax
Montello Virtual Charter Sch,Montello,Combined Elementary/Secondary School,KG,12,Public school,Regular,Charter,222 Forest Ln  Montello WI  53949-9390,Marquette,5,940,3689,800,36890800,5509870,3016,43.796797,-89.321955,Report received,70
Audubon Middle School ,Milwaukee,Middle School,6,8,Public school,Regular,No,3300 S 39th St  Milwaukee WI  53215-4019,Milwaukee,1,5041,3619,41,36190041,5509600,1123,42.983914,-87.96178,Report received,71
Cass Street Elementary ,Milwaukee,Elementary School,K3,8,Public school,Regular,No,1647 N Cass St  Milwaukee WI  53202-2026,Milwaukee,1,4395,3619,104,36190104,5509600,1139,43.051762,-87.902428,Report received,71
Drummond Jr,Drummond Area,Middle School,7,8,Public school,Regular,No,52440 Eastern Ave  Drummond WI  54832,Bayfield,12,16570,1491,50,14910050,5503810,397,46.335952,-91.255568,Report received,71
Milw Environmental Science Aca,Milwaukee,Elementary School,K4,8,Public school,Regular,Charter,6600 W Melvina St  Milwaukee WI  53216-2004,Milwaukee,1,796,3619,118,36190118,5509600,2949,43.088975,-87.99482,Report received,71
Carver Acad,Milwaukee,Elementary School,K3,8,Public school,Regular,No,1900 N 1st St  Milwaukee WI  53212-3705,Milwaukee,1,100,3619,178,36190178,5509600,2602,43.055791,-87.910387,Report received,72
Morgandale Elementary ,Milwaukee,Elementary School,K3,8,Public school,Regular,No,3635 S 17th St  Milwaukee WI  53221-1651,Milwaukee,1,5317,3619,277,36190277,5509600,1220,42.978214,-87.935635,Report received,72
Carson Acad,Milwaukee,Elementary School,K3,8,Public school,Regular,No,4920 W Capitol Dr  Milwaukee WI  53216-2321,Milwaukee,1,70076,3619,108,36190108,5509600,1829,43.090565,-87.975192,Report received,73
Falls Alt Learning Site,Oconto Falls Public,High School,9,12,Public school,Regular,Charter,320 Central Ave  Oconto Falls WI  54154,Oconto,8,51949,4074,400,40740400,5510950,1853,44.874719,-88.140735,Report received,73
Milwaukee Scholars Charter Sch,Milwaukee Scholars Charter Sch,Elementary School,K4,8,Non District Charter Schools,Regular,Charter,7000 W Florist Ave  Milwaukee WI  53218,Milwaukee,1,671,8129,100,81290100,5500065,2894,43.127756,-87.998256,Report received,73
Southeastern,Milwaukee,Middle School,6,8,Public school,Alternative,No,4200 N Holton St  Milwaukee WI  53212,Milwaukee,1,30962,3619,1086,36191086,5509600,936,43.094265,-87.905611,Report received,73
Allen-Field Elementary ,Milwaukee,Elementary School,K3,5,Public school,Regular,No,730 W Lapham Blvd  Milwaukee WI  53204-3428,Milwaukee,1,4487,3619,73,36190073,5509600,1122,43.015111,-87.920394,Report received,74
Independence High School,Independence,High School,9,12,Public school,Regular,No,23786 Indee Blvd  Independence WI  54747-9095,Trempealeau,4,15785,2632,40,26320040,5506810,740,44.368663,-91.421309,Report received,74
Next Door Charter,Milwaukee,Elementary School,K3,0,Public school,Regular,Charter,2545 N 29th St  Milwaukee WI  53210-3116,Milwaukee,1,45825,3619,1141,36191141,5509600,1341,43.064905,-87.950474,Report received,74
King IB Middle School ,Milwaukee,Middle School,6,8,Public school,Regular,No,121 E Hadley St  Milwaukee WI  53212,Milwaukee,1,811,3619,210,36190210,5509600,2961,43.068432,-87.91023,Report received,75
Northland Pines Montessori,Northland Pines,Elementary School,K4,4,Public school,Regular,Charter,8234 Highway 70 W  Saint Germain WI  54558,Vilas,9,956,1526,110,15260110,5503860,3008,45.912984,-89.498118,Report received,75
Roosevelt Middle School ,Milwaukee,Middle School,6,8,Public school,Regular,No,800 W Walnut St  Milwaukee WI  53205-1717,Milwaukee,1,4542,3619,59,36190059,5509600,1238,43.053795,-87.92147,Report received,75
Stockbridge High School,Stockbridge,High School,9,12,Public school,Regular,No,110 School St  Stockbridge WI  53088,Calumet,7,2278,5614,40,56140040,5514520,1883,44.073659,-88.297946,Report received,75
Stuart Elementary ,Milwaukee,Elementary School,K3,5,Public school,Regular,No,7001 N 86th St  Milwaukee WI  53224-4841,Milwaukee,1,5459,3619,344,36190344,5509600,1250,43.144882,-88.018903,Report received,75
Dodgeland Middle School ,Dodgeland,Middle School,6,8,Public school,Regular,No,401 S Western Ave  Juneau WI  53039-1013,Dodge,6,7288,2744,25,27440025,5507260,2983,43.401909,-88.71649,Report received,76
Holmes Elementary ,Milwaukee,Elementary School,K3,8,Public school,Regular,No,2463 N Buffum St  Milwaukee WI  53212-2901,Milwaukee,1,4881,3619,218,36190218,5509600,1188,43.062956,-87.907121,Report received,76
Milw Co Youth Educ Center,Milwaukee,Combined Elementary/Secondary School,6,12,Public school,Alternative,No,949 N 9th St  Milwaukee WI  53233-1422,Milwaukee,1,39560,3619,315,36190315,5509600,1306,43.041733,-87.923662,Report received,76
River Trail Elementary ,Milwaukee,Elementary School,K3,8,Public school,Regular,No,12021 W Florist Ave  Milwaukee WI  53225-2119,Milwaukee,1,5474,3619,194,36190194,5509600,1174,43.125445,-88.061536,Report received,76
Thoreau Elementary ,Madison Metropolitan,Elementary School,K4,5,Public school,Regular,No,3870 Nakoma Rd  Madison WI  53711-3096,Dane,2,8450,3269,780,32690780,5508520,964,43.045983,-89.442481,Report received,76
Thoreau Elementary ,Milwaukee,Elementary School,K3,8,Public school,Regular,No,7878 N 60th St  Milwaukee WI  53223-4109,Milwaukee,1,5415,3619,360,36190360,5509600,1255,43.161586,-87.983617,Report received,76
White Rock Campus,Waukesha,Elementary School,K4,3,Public school,Regular,No,1150 Whiterock Ave  Waukesha WI  53186-4101,Waukesha,1,743,6174,110,61740110,5515780,2926,43.015878,-88.223904,Report received,76
Barron Area Montessori Sch,Barron Area,Elementary School,K4,3,Public school,Regular,Charter,808 E Woodland Ave  Barron WI  54812-1759,Barron,11,275,308,100,3080100,5500870,2717,45.397278,-91.845944,Report received,77
Browning Elementary ,Milwaukee,Elementary School,K3,5,Public school,Regular,No,5440 N 64th St  Milwaukee WI  53218-3020,Milwaukee,1,5230,3619,92,36190092,5509600,1132,43.11735,-87.990347,Report received,77
DCE 4K Community Partnership,D C Everest Area,Elementary School,K4,0,Public school,Regular,No,1610 Pine Rd  Rothschild WI  54474-8839,Marathon,9,807,4970,190,49700190,5513170,2963,44.852742,-89.633891,Report received,77
Hi-Mount Elementary ,Milwaukee,Elementary School,K3,8,Public school,Regular,No,4921 W Garfield Ave  Milwaukee WI  53208-1109,Milwaukee,1,4640,3619,217,36190217,5509600,1187,43.05855,-87.975304,Report received,77
Merrill Adult Diploma Acad,Merrill Area,High School,10,12,Public school,Alternative,Charter,1101 N Mill St  Merrill WI  54452,Lincoln,9,278,3500,400,35000400,5509210,2743,45.190389,-89.687813,Report received,77
Milw Acad of Chinese Lang,Milwaukee,Elementary School,K3,8,Public school,Regular,No,2430 W Wisconsin Ave  Milwaukee WI  53233-1828,Milwaukee,1,306,3619,103,36190103,5509600,2720,43.03948,-87.943843,Report received,77
ACE Charter Sch,Neenah Joint,Elementary School,KG,5,Public school,Regular,Charter,215 E Forest Ave  Neenah WI  54956-2765,Winnebago,6,72844,3892,125,38920125,5510320,3366,44.190084,-88.454026,Report received,78
Gaenslen Elementary ,Milwaukee,Elementary School,K3,8,Public school,Regular,No,1250 E Burleigh St  Milwaukee WI  53212-2217,Milwaukee,1,4879,3619,185,36190185,5509600,1169,43.075617,-87.894834,Report received,78
Viking Middle School ,Baldwin-Woodville Area,Middle School,6,8,Public school,Regular,No,500 Southside Dr  Woodville WI  54028-9531,Saint Croix,11,10390,231,90,2310090,5500720,96,44.945071,-92.285773,Report received,78
Carmen Middle School /Hi Northwest Campus,Milwaukee,High School,6,12,Public school,Regular,Charter,5496 N 72nd St  Milwaukee WI  53218-2820,Milwaukee,1,799,3619,444,36190444,5509600,2980,43.11728,-88.000142,Report received,79
D C Everest Middle School ,D C Everest Area,Middle School,6,7,Public school,Regular,No,9302 Schofield Ave  Weston WI  54476-4604,Marathon,9,71845,4970,200,49700200,5513170,2534,44.900037,-89.508992,Report received,79
Grantosa Drive Elementary ,Milwaukee,Elementary School,K3,8,Public school,Regular,No,4850 N 82nd St  Milwaukee WI  53218-3604,Milwaukee,1,5232,3619,196,36190196,5509600,1176,43.106086,-88.012237,Report received,79
Neeskara Elementary ,Milwaukee,Elementary School,K3,5,Public school,Regular,No,1601 N Hawley Rd  Milwaukee WI  53208-2116,Milwaukee,1,4641,3619,283,36190283,5509600,1224,43.051478,-87.983297,Report received,79
Potosi Middle School ,Potosi,Middle School,6,8,Public school,Regular,No,128 Highway 61 N  Potosi WI  53820,Grant,3,48830,4529,200,45290200,5512090,1603,42.691451,-90.711276,Report received,79
Thurston Woods Elementary ,Milwaukee,Elementary School,K3,8,Public school,Regular,No,5966 N 35th St  Milwaukee WI  53209-4055,Milwaukee,1,4710,3619,154,36190154,5509600,2439,43.12598,-87.954512,Report received,79