SCHOOL,DISTRICT,SCH_TYPE,LOW_GRADE,HIGH_GRD,TYPE_DESC,SCH_CAT,CHARTER,FULL_ADDR,PHYS_COUNT,CESA,DPI_KEY,DIST_CODE,SCH_CODE,UNIQUE,NCES_DIST,NCES_SCH,Latitude,Longitude,Comment_Vax,PctMetMinRequirements_Vax
Downtown Montessori,Downtown Montessori,Elementary School,K3,8,Non District Charter Schools,Regular,Charter,2507 S Graham St  Milwaukee WI  53207-1687,Milwaukee,1,30909,8101,1056,81011056,5500039,2153,42.998354,-87.903867,Report received,80
Forest Lane Community Sch,Montello,Elementary School,K4,5,Public school,Regular,No,222 Forest Ln  Montello WI  53949-9390,Marquette,5,9663,3689,10,36890010,5509870,1302,43.796797,-89.321955,Report received,80
Hampton Elementary ,Milwaukee,Elementary School,K3,5,Public school,Regular,No,5000 N 53rd St  Milwaukee WI  53218-4333,Milwaukee,1,5233,3619,205,36190205,5509600,1181,43.109901,-87.977766,Report received,80
iLEAD Charter Sch,Mauston,High School,7,12,Public school,Regular,Charter,800 Grayside Ave  Mauston WI  53948,Juneau,5,678,3360,410,33600410,5508850,2863,43.787885,-90.088612,Report received,80
King Jr Elementary ,Milwaukee,Elementary School,K3,8,Public school,Regular,No,3275 N 3rd St  Milwaukee WI  53212-2064,Milwaukee,1,4561,3619,199,36190199,5509600,1178,43.078191,-87.914204,Report received,80
LaFollette Elementary ,Milwaukee,Elementary School,K3,8,Public school,Regular,No,3239 N 9th St  Milwaukee WI  53206-3251,Milwaukee,1,4564,3619,238,36190238,5509600,1202,43.076972,-87.923018,Report received,80
North Crawford Elementary ,North Crawford,Elementary School,K4,8,Public school,Regular,No,47050 County Road X  Soldiers Grove WI  54655-8551,Crawford,3,14630,2016,110,20160110,5504980,2244,43.369813,-90.808363,Report received,80
NOVA Tech,Milwaukee,High School,9,12,Public school,Vocational,Charter,225 W Capitol Dr  Milwaukee WI  53212,Milwaukee,1,943,3619,474,36190474,5509600,3010,43.088477,-87.912362,Report received,80
Pratt Elementary ,Milwaukee,Elementary School,K3,5,Public school,Regular,No,5131 N Green Bay Ave  Milwaukee WI  53209-5753,Milwaukee,1,4715,3619,325,36190325,5509600,1243,43.110555,-87.933315,Report received,80
Riley Elementary ,Milwaukee,Elementary School,K3,5,Public school,Regular,No,2424 S 4th St  Milwaukee WI  53207-1411,Milwaukee,1,4591,3619,313,36190313,5509600,1236,43.001221,-87.914776,Report received,80
South Division High School,Milwaukee,High School,9,12,Public school,Regular,No,1515 W Lapham Blvd  Milwaukee WI  53204-3236,Milwaukee,1,4485,3619,32,36190032,5509600,1247,43.013404,-87.929937,Report received,80
Waukesha Transition Acad,Waukesha,High School,12,12,Public school,Special Education,No,1150 Whiterock Ave  Waukesha WI  53186-4101,Waukesha,1,827,6174,415,61740415,5515780,2960,43.015878,-88.223904,Report received,80
Athens Middle School ,Athens,Middle School,6,8,Public school,Regular,No,601 W Village Limits Rd  Athens WI  54411-9552,Marathon,9,12443,196,60,1960060,5500570,88,45.030015,-90.085687,Report received,81
Butler Middle School ,Waukesha,Middle School,6,8,Public school,Regular,No,310 N Hine Ave  Waukesha WI  53188-4398,Waukesha,1,4108,6174,100,61740100,5515780,2008,43.016195,-88.247749,Report received,81
Carmen High School Southeast Campus,Milwaukee,High School,9,12,Public school,Regular,Charter,2500 W Oklahoma Ave  Milwaukee WI  53215-4437,Milwaukee,1,1525,3619,451,36190451,5509600,3054,42.989508,-87.94482,Report received,81
Frank Lloyd Wright Intermed,West Allis-West Milwaukee,Middle School,6,8,Public school,Regular,No,9501 W Cleveland Ave  West Allis WI  53227-3399,Milwaukee,1,5541,6300,40,63000040,5516260,2102,42.99465,-88.030922,Report received,81
Garland Elementary ,Milwaukee,Elementary School,K3,8,Public school,Regular,No,3120 W Green Ave  Milwaukee WI  53221-4178,Milwaukee,1,5315,3619,191,36190191,5509600,1172,42.939987,-87.952994,Report received,81
Island City Acad,Cumberland,High School,7,12,Public school,Vocational,Charter,980 8th Ave  Cumberland WI  54829,Barron,11,794,1260,420,12600420,5503090,2962,45.528219,-92.031448,Report received,81
La Casa de Esperanza Charter,La Casa de Esperanza Charter,Elementary School,K4,8,Non District Charter Schools,Regular,Charter,410 Arcadian Ave  Waukesha WI  53186-5005,Waukesha,1,1448,8135,100,81350100,5500073,3031,43.012174,-88.222896,Report received,81
Lancaster Elementary ,Milwaukee,Elementary School,K3,8,Public school,Regular,No,4931 N 68th St  Milwaukee WI  53218-3905,Milwaukee,1,5235,3619,241,36190241,5509600,1204,43.108322,-87.996757,Report received,81
Sherman Elementary ,Eau Claire Area,Elementary School,KG,5,Public school,Regular,No,3110 W Vine St  Eau Claire WI  54703-4898,Eau Claire,10,15314,1554,520,15540520,5504050,439,44.819758,-91.552774,Report received,81
Sherman Elementary ,Milwaukee,Elementary School,K3,8,Public school,Regular,No,5110 W Locust St  Milwaukee WI  53210-1626,Milwaukee,1,4784,3619,319,36190319,5509600,1240,43.072537,-87.977899,Report received,81
Stockbridge Elementary ,Stockbridge,Elementary School,K4,5,Public school,Regular,No,110 School St  Stockbridge WI  53088,Calumet,7,2277,5614,20,56140020,5514520,1882,44.073659,-88.297946,Report received,81
Story Elementary ,Milwaukee,Elementary School,K3,8,Public school,Regular,No,3815 W Kilbourn Ave  Milwaukee WI  53208-3113,Milwaukee,1,4642,3619,343,36190343,5509600,1249,43.04132,-87.961647,Report received,81
Washburn High School,Washburn,High School,9,12,Public school,Regular,No,305 W 4th St  Washburn WI  54891,Bayfield,12,17060,6027,40,60270040,5515540,1985,46.673853,-90.897371,Report received,81
Brown Street Acad,Milwaukee,Elementary School,K3,5,Public school,Regular,No,2029 N 20th St  Milwaukee WI  53205-1140,Milwaukee,1,4543,3619,89,36190089,5509600,2395,43.057261,-87.938186,Report received,82
Clement Avenue Elementary ,Milwaukee,Elementary School,K3,8,Public school,Regular,No,3666 S Clement Ave  Milwaukee WI  53207-3566,Milwaukee,1,4587,3619,113,36190113,5509600,1142,42.977976,-87.893395,Report received,82
Coulee Montessori Charter Sch,La Crosse,Elementary School,K4,8,Public school,Regular,Charter,1611 Kane St  La Crosse WI  54601,La Crosse,4,48832,2849,140,28490140,5507530,1463,43.847485,-91.241446,Report received,82
George D Warriner Middle School ,Sheboygan Area,Middle School,6,8,Public school,Regular,Charter,712 Riverfront Dr Ste 101  Sheboygan WI  53081,Sheboygan,7,664,5271,220,52710220,5513650,2900,43.747153,-87.712221,Report received,82
Goodrich Elementary ,Milwaukee,Elementary School,K3,5,Public school,Regular,No,8251 N Celina St  Milwaukee WI  53224-2713,Milwaukee,1,5456,3619,192,36190192,5509600,1173,43.166797,-88.038185,Report received,82
Madison Academic Campus,Milwaukee,High School,9,12,Public school,Regular,No,8135 W Florist Ave  Milwaukee WI  53218-1745,Milwaukee,1,304,3619,409,36190409,5509600,2700,43.125908,-88.01263,Report received,82
Nelson Elementary ,Grantsburg,Elementary School,K4,0,Public school,Regular,No,11486 State Road 70  Grantsburg WI  54840-7134,Burnett,11,16622,2233,120,22330120,5505670,604,45.772693,-92.573882,Report received,82
New Horizons for Learning,Shorewood,High School,9,12,Public school,Alternative,Charter,1701 E Capitol Dr  Shorewood WI  53211-1996,Milwaukee,1,143,5355,400,53550400,5513800,2623,43.087861,-87.889789,Report received,82
Northland Pines-Land O' Lakes,Northland Pines,Elementary School,K4,4,Public school,Regular,No,6485 Town Hall Rd  Land O' Lakes WI  54540,Vilas,9,13821,1526,80,15260080,5503860,405,46.158938,-89.222472,Report received,82
Obama SCTE,Milwaukee,Combined Elementary/Secondary School,K3,12,Public school,Regular,No,5075 N Sherman Blvd  Milwaukee WI  53209-5246,Milwaukee,1,917,3619,840,36190840,5509600,2993,43.109583,-87.968297,Report received,82
School of Technology and Arts I,La Crosse,Elementary School,KG,5,Public school,Regular,Charter,1111 7th St S  La Crosse WI  54601-5474,La Crosse,4,26908,2849,360,28490360,5507530,648,43.80001,-91.247061,Report received,82
Starms Discovery,Milwaukee,Elementary School,1,8,Public school,Regular,No,2035 N 25th St  Milwaukee WI  53205-1000,Milwaukee,1,26970,3619,312,36190312,5509600,2442,43.057077,-87.946247,Report received,82
Transition High School,Milwaukee,High School,9,12,Public school,Alternative,No,1940 N 36th St  Milwaukee WI  53208-1927,Milwaukee,1,384,3619,433,36190433,5509600,2760,43.055814,-87.957866,Report received,82
Bethune Acad,Milwaukee,Elementary School,K3,8,Public school,Regular,No,1535 N 35th St  Milwaukee WI  53208-2315,Milwaukee,1,4644,3619,356,36190356,5509600,1256,43.050797,-87.958513,Report received,83
Chain O Lakes Elementary ,Waupaca,Elementary School,K4,2,Public school,Regular,No,N3160 Silver Lake Dr  Waupaca WI  54981-9596,Waupaca,5,18283,6195,60,61950060,5515840,2033,44.35803,-89.08595,Report received,83
Chetek-Weyerhaeuser Middle School ,Chetek-Weyerhaeuser Area,Middle School,6,8,Public school,Regular,No,1001 Knapp St  Chetek WI  54728-9107,Barron,11,529,1080,200,10800200,5500061,2806,45.313695,-91.661452,Report received,83
Elm Creative Arts Elementary ,Milwaukee,Elementary School,K3,5,Public school,Regular,No,900 W Walnut St  Milwaukee WI  53205-1761,Milwaukee,1,4544,3619,148,36190148,5509600,2438,43.053334,-87.923487,Report received,83
Fifty-Third Street Elementary ,Milwaukee,Elementary School,K3,8,Public school,Regular,No,3618 N 53rd St  Milwaukee WI  53216-2952,Milwaukee,1,5092,3619,170,36190170,5509600,1162,43.083502,-87.978359,Report received,83
Glenwood City Middle School ,Glenwood City,Middle School,6,8,Public school,Regular,No,850 Maple St  Glenwood City WI  54013,Saint Croix,11,10120,2198,100,21980100,5505520,588,45.053079,-92.15456,Report received,83
Grantsburg Middle School ,Grantsburg,Combined Elementary/Secondary School,4,8,Public school,Regular,No,500 E James Ave  Grantsburg WI  54840,Burnett,11,16621,2233,100,22330100,5505670,603,45.774765,-92.675923,Report received,83
Hartland School of Community Lrn,Hartland-Lakeside J3,Elementary School,3,5,Public school,Regular,No,651 E Imperial Dr  Hartland WI  53029-2615,Waukesha,1,551,2460,110,24600110,5506140,2845,43.088261,-88.335089,Report received,83
High Marq Environmental Chrtr,Montello,High School,7,12,Public school,Regular,Charter,222 Forest Ln  Montello WI  53949-9390,Marquette,5,538,3689,420,36890420,5509870,2821,43.796797,-89.321955,Report received,83
Milw Parkside Sch,Milwaukee,Elementary School,K3,8,Public school,Regular,No,2969 S Howell Ave  Milwaukee WI  53207-2083,Milwaukee,1,4592,3619,362,36190362,5509600,2415,42.990877,-87.90556,Report received,83
Palmyra-Eagle Middle School ,Palmyra-Eagle Area,Middle School,7,8,Public school,Regular,No,123 Burr Oak St  Palmyra WI  53156,Jefferson,2,3576,4221,30,42210030,5511350,2418,42.873843,-88.592321,Report received,83
Park Falls Elementary ,Chequamegon,Elementary School,K4,5,Public school,Regular,No,380 9th St N  Park Falls WI  54552-1798,Price,12,451,1071,110,10710110,5500058,1523,45.946634,-90.455285,Report received,83
Prairie Lane Elementary ,Kenosha,Elementary School,K4,5,Public school,Regular,No,10717 47th Ave  Pleasant Prairie WI  53158-3526,Kenosha,1,3083,2793,440,27930440,5507320,821,42.519338,-87.86341,Report received,83
Sheboygan Leadership Acad,Sheboygan Area,Elementary School,K4,8,Public school,Regular,Charter,1305 St Clair Ave  Sheboygan WI  53081,Sheboygan,7,731,5271,105,52710105,5513650,2872,43.757011,-87.722056,Report received,83
Siren High School,Siren,High School,6,12,Public school,Regular,No,24022 4th Ave  Siren WI  54872-8114,Burnett,11,16923,5376,40,53760040,5513890,1817,45.785262,-92.377046,Report received,83
Three Lakes Jr High School,Three Lakes,Junior High School,7,8,Public school,Regular,No,6930 W School St  Three Lakes WI  54562-9010,Oneida,9,791,5733,300,57330300,5514850,2954,45.79515,-89.167317,Report received,83
Urban Middle School ,Sheboygan Area,Middle School,6,8,Public school,Regular,No,1226 North Ave  Sheboygan WI  53083-4799,Sheboygan,7,2083,5271,360,52710360,5513650,1798,43.774147,-87.72069,Report received,83
Amery Middle School ,Amery,Middle School,6,8,Public school,Regular,No,501 Minneapolis Ave S  Amery WI  54001-1565,Polk,11,9981,119,60,1190060,5500300,31,45.286253,-92.352499,Report received,84
Auer Avenue Elementary ,Milwaukee,Elementary School,K3,8,Public school,Regular,No,2319 W Auer Ave  Milwaukee WI  53206-1735,Milwaukee,1,4559,3619,77,36190077,5509600,1124,43.076582,-87.941627,Report received,84
Barbee Elementary ,Milwaukee,Elementary School,K3,6,Public school,Regular,No,4456 N Teutonia Ave  Milwaukee WI  53209-6225,Milwaukee,1,4711,3619,188,36190188,5509600,1170,43.098011,-87.941447,Report received,84
De Soto Middle School ,De Soto Area,Middle School,6,8,Public school,Regular,No,615 Main St  De Soto WI  54624-8644,Vernon,4,14565,1421,50,14210050,5503240,366,43.428575,-91.195675,Report received,84
Edgar Middle School ,Edgar,Middle School,6,8,Public school,Regular,No,203 E Birch St  Edgar WI  54426,Marathon,9,12553,1561,23,15610023,5504080,2391,44.923885,-89.960157,Report received,84
Edward Bain School Creative Arts,Kenosha,Elementary School,K4,5,Public school,Regular,No,2600 50th St  Kenosha WI  53140-5811,Kenosha,1,73004,2793,150,27930150,5507320,2591,42.591092,-87.841386,Report received,84
Gibraltar Elementary ,Gibraltar Area,Elementary School,PK,6,Public school,Regular,No,3924 State Highway 42  Fish Creek WI  54212,Door,7,11353,2114,100,21140100,5505220,2245,45.127257,-87.230699,Report received,84
Green Lake Elementary ,Green Lake,Elementary School,K4,6,Public school,Regular,No,612 Mill St  Green Lake WI  54941,Green Lake,6,17791,2310,20,23100020,5505880,646,43.850698,-88.960056,Report received,84
Hayes Bilingual Sch,Milwaukee,Elementary School,K3,8,Public school,Regular,No,971 W Windlake Ave  Milwaukee WI  53204-3822,Milwaukee,1,26968,3619,214,36190214,5509600,680,43.007438,-87.923375,Report received,84
Horning Middle School ,Waukesha,Middle School,6,8,Public school,Regular,No,2000 Wolf Rd  Waukesha WI  53186-2697,Waukesha,1,3979,6174,210,61740210,5515780,2015,43.028538,-88.204179,Report received,84
Humboldt Park Elementary ,Milwaukee,Elementary School,K3,8,Public school,Regular,No,3230 S Adams Ave  Milwaukee WI  53207-2706,Milwaukee,1,4590,3619,223,36190223,5509600,1190,42.985588,-87.902226,Report received,84
Jeffery Elementary ,Kenosha,Elementary School,K4,5,Public school,Regular,No,4011 87th St  Kenosha WI  53142-5078,Kenosha,1,3076,2793,310,27930310,5507320,814,42.547468,-87.8562,Report received,84
John Muir Middle School ,Wausau,Middle School,6,8,Public school,Regular,No,1400 W Stewart Ave  Wausau WI  54401-4294,Marathon,9,12141,6223,200,62230200,5515900,2054,44.960082,-89.65169,Report received,84
Kilbourn Elementary ,Milwaukee,Elementary School,K3,5,Public school,Regular,No,5354 N 68th St  Milwaukee WI  53218-2901,Milwaukee,1,5234,3619,237,36190237,5509600,1197,43.114938,-87.995249,Report received,84
Mauston Montessori Charter Sch,Mauston,Elementary School,K4,3,Public school,Regular,Charter,c/o West Side Elementary Schoo 708 Loomis Dr Mauston WI  53948,Juneau,5,1036,3360,110,33600110,5508850,3030,43.79719,-90.07735,Report received,84
Milw Sign Language Elementary ,Milwaukee,Elementary School,K3,8,Public school,Regular,No,7900 W Acacia St  Milwaukee WI  53223-5623,Milwaukee,1,5414,3619,226,36190226,5509600,1191,43.139571,-88.009169,Report received,84
Pulaski High School,Milwaukee,High School,9,12,Public school,Regular,No,2500 W Oklahoma Ave  Milwaukee WI  53215-4437,Milwaukee,1,5040,3619,26,36190026,5509600,1235,42.989508,-87.94482,Report received,84
Pulaski High School,Pulaski Community,High School,9,12,Public school,Regular,No,1040 S Saint Augustine St  Pulaski WI  54162-9516,Brown,7,11094,4613,100,46130100,5512330,1600,44.658928,-88.240404,Report received,84
Shalom High School,Milwaukee,High School,9,12,Public school,Alternative,No,1749 N 16th St  Milwaukee WI  53205-1624,Milwaukee,1,30934,3619,1074,36191074,5509600,856,43.053823,-87.933041,Report received,84
TAGOS Leadership Acad,Janesville,High School,7,12,Public school,Regular,Charter,1350 N Parker Dr  Janesville WI  53545-0724,Rock,2,292,2695,430,26950430,5507020,2691,42.702161,-89.028833,Report received,84
Thorp High School,Thorp,High School,9,12,Public school,Regular,No,605 S Clark St  Thorp WI  54771,Clark,10,16114,5726,40,57260040,5514820,1926,44.954161,-90.795763,Report received,84
Washburn Elementary ,Washburn,Elementary School,K4,6,Public school,Regular,No,411 W 8th St  Washburn WI  54891,Bayfield,12,17058,6027,10,60270010,5515540,2453,46.677907,-90.8987,Report received,84
Wedgewood Park Sch,Milwaukee,Middle School,6,8,Public school,Regular,No,6506 W Warnimont Ave  Milwaukee WI  53220-1344,Milwaukee,1,335,3619,204,36190204,5509600,2737,42.979498,-87.994825,Report received,84
Aldo Leopold Comm SchoolK-8,Green Bay Area Public,Combined Elementary/Secondary School,K4,8,Public school,Regular,No,622 Eliza St  Green Bay WI  54301-3229,Brown,7,11772,2289,20,22890020,5505820,610,44.500378,-88.017785,Report received,85
Altoona Middle School ,Altoona,Middle School,6,8,Public school,Regular,No,1903 Bartlett Ave  Altoona WI  54720-1799,Eau Claire,10,15355,112,60,1120060,5500270,27,44.803597,-91.440592,Report received,85
Barron High School,Barron Area,High School,9,12,Public school,Regular,No,1050 E Woodland Ave  Barron WI  54812-1762,Barron,11,16377,308,30,3080030,5500870,114,45.397255,-91.843435,Report received,85
Barton Elementary ,Milwaukee,Elementary School,K3,5,Public school,Regular,No,5700 W Green Tree Rd  Milwaukee WI  53223-5220,Milwaukee,1,5412,3619,81,36190081,5509600,1126,43.142215,-87.983225,Report received,85
Bayfield Middle School ,Bayfield,Middle School,6,8,Public school,Regular,No,300 N 4th St  Bayfield WI  54814,Bayfield,12,16447,315,30,3150030,5500900,82,46.815143,-90.819396,Report received,85
Fox West Acad,Hortonville Area,Middle School,6,8,Public school,Regular,Charter,220 Warner St  Hortonville WI  54944,Outagamie,6,665,2583,220,25830220,5506600,2854,44.338461,-88.629055,Report received,85
George D Warriner High School,Sheboygan Area,High School,9,12,Public school,Regular,Charter,712 Riverfront Dr Ste 101  Sheboygan WI  53081,Sheboygan,7,288,5271,440,52710440,5513650,2695,43.747153,-87.712221,Report received,85
Hayward Middle School ,Hayward Community,Middle School,6,8,Public school,Regular,No,10408 N Greenwood Ln  Hayward WI  54843-6101,Sawyer,12,16656,2478,60,24780060,5506270,691,46.01086,-91.50337,Report received,85
Keefe Avenue Elementary ,Milwaukee,Elementary School,K3,8,Public school,Regular,No,1618 W Keefe Ave  Milwaukee WI  53206-2359,Milwaukee,1,4563,3619,235,36190235,5509600,1196,43.082659,-87.931578,Report received,85
Kickapoo High School,Kickapoo Area,High School,6,12,Public school,Regular,No,S6520 State Highway 131  Viola WI  54664-8528,Vernon,3,15014,5960,20,59600020,5512540,1658,43.503495,-90.678871,Report received,85
Lane Intermediate,West Allis-West Milwaukee,Middle School,6,8,Public school,Regular,No,1300 S 109th St  West Allis WI  53214-2300,Milwaukee,1,918,6300,220,63000220,5516260,3004,43.018889,-88.047775,Report received,85
Les Paul Middle School ,Waukesha,Middle School,6,8,Public school,Regular,No,325 Carroll St  Waukesha WI  53186,Waukesha,1,3975,6174,120,61740120,5515780,2009,43.007056,-88.233072,Report received,85
Merrill Middle School ,Oshkosh Area,Middle School,6,8,Public school,Regular,No,108 W New York Ave  Oshkosh WI  54901-3795,Winnebago,6,17152,4179,240,41790240,5511190,1492,44.032275,-88.539996,Report received,85
Milwaukee Math and Science Aca,Milwaukee Math and Science Aca,Combined Elementary/Secondary School,K4,8,Non District Charter Schools,Regular,Charter,110 W Burleigh St  Milwaukee WI  53212,Milwaukee,1,670,8128,800,81280800,5500067,2898,43.075388,-87.911367,Report received,85
Neenah Creek Elementary ,Wisconsin Dells,Elementary School,KG,5,Public school,Regular,No,W8516 Highway X  Briggsville WI  53920,Marquette,5,9451,6678,50,66780050,5517040,551,43.65498,-89.5854,Report received,85
Northland Pines Middle School ,Northland Pines,Middle School,7,8,Public school,Regular,No,1800 Pleasure Island Road  Eagle River WI  54521-8927,Vilas,9,13710,1526,95,15260095,5503860,407,45.937382,-89.253007,Report received,85
NOVA,Milwaukee,High School,9,12,Public school,Alternative,No,2320 W Burleigh St  Milwaukee WI  53206-1751,Milwaukee,1,30932,3619,1072,36191072,5509600,843,43.075648,-87.941273,Report received,85
Oxford Elementary ,Westfield,Elementary School,K4,6,Public school,Regular,No,222 S Franklin Ave  Oxford WI  53952,Marquette,5,9717,6335,60,63350060,5516440,2149,43.779905,-89.572369,Report received,85
Point of Discovery Sch,Stevens Point Area Public,Junior High School,6,9,Public school,Regular,Charter,1900 Polk St  Stevens Point WI  54481-5875,Portage,5,1019,5607,290,56070290,5514490,3019,44.49804,-89.567496,Report received,85
Spooner Middle School ,Spooner Area,Middle School,5,8,Public school,Regular,No,750 Oak St  Spooner WI  54801,Washburn,11,16175,5474,100,54740100,5514220,1849,45.826821,-91.896002,Report received,85
Starms Early Childhood,Milwaukee,Elementary School,K3,0,Public school,Regular,No,2616 W Garfield Ave  Milwaukee WI  53205-1042,Milwaukee,1,4545,3619,149,36190149,5509600,1156,43.059649,-87.946823,Report received,85
Sugar Camp Elementary ,Three Lakes,Elementary School,K4,6,Public school,Regular,No,4066 Camp Four Rd  Rhinelander WI  54501-8621,Oneida,9,13580,5733,40,57330040,5514850,1927,45.790656,-89.322166,Report received,85
Townsend Street Elementary ,Milwaukee,Elementary School,K3,8,Public school,Regular,No,3360 N Sherman Blvd  Milwaukee WI  53216-3559,Milwaukee,1,5094,3619,365,36190365,5509600,1258,43.080499,-87.966231,Report received,85
Victory Elementary ,Milwaukee,Elementary School,K3,8,Public school,Regular,No,2222 W Henry Ave  Milwaukee WI  53221-4920,Milwaukee,1,5318,3619,387,36190387,5509600,1264,42.936871,-87.942721,Report received,85
Washburn Middle School ,Washburn,Middle School,7,8,Public school,Regular,No,305 W 4th Street  Washburn WI  54891,Bayfield,12,17059,6027,20,60270020,5515540,1984,46.673853,-90.897371,Report received,85
Washington Island Elementary ,Washington,Elementary School,K4,8,Public school,Regular,No,888 Main Rd  Washington Island WI  54246,Door,7,11751,6069,20,60690020,5515570,1986,45.36126,-86.928629,Report received,85
Adams-Friendship High School,Adams-Friendship Area,High School,9,12,Public school,Regular,No,1109 E North St  Adams WI  53910,Adams,5,9299,14,40,140040,5500060,5,43.965989,-89.802263,Report received,86
Adams-Friendship Middle School ,Adams-Friendship Area,Middle School,5,8,Public school,Regular,No,420 N Main St  Adams WI  53910,Adams,5,9300,14,210,140210,5500060,1454,43.963544,-89.817519,Report received,86
Augusta Middle School ,Augusta,Middle School,6,8,Public school,Regular,No,E19320 Bartig Rd  Augusta WI  54722-7501,Eau Claire,10,67,217,200,2170200,5500630,2585,44.726811,-91.212598,Report received,86
Badger Ridge Middle School ,Verona Area,Middle School,6,8,Public school,Regular,No,740 N Main St  Verona WI  53593-1153,Dane,2,7581,5901,120,59010120,5515330,1973,42.999246,-89.536254,Report received,86
Baldwin-Woodville High School,Baldwin-Woodville Area,High School,9,12,Public school,Regular,No,1000 13th Ave  Baldwin WI  54002,Saint Croix,11,10008,231,40,2310040,5500720,94,44.966683,-92.378991,Report received,86
Bose Elementary ,Kenosha,Elementary School,K4,5,Public school,Regular,No,1900 15th St  Kenosha WI  53140-1299,Kenosha,1,3065,2793,50,27930050,5507320,800,42.631713,-87.832477,Report received,86
Burbank Elementary ,Milwaukee,Elementary School,K3,8,Public school,Regular,No,6035 W Adler St  Milwaukee WI  53214-1835,Milwaukee,1,4987,3619,95,36190095,5509600,1135,43.027183,-87.989886,Report received,86
DeLong Middle School ,Eau Claire Area,Middle School,6,8,Public school,Regular,No,2000 Vine St  Eau Claire WI  54703-4999,Eau Claire,10,15304,1554,170,15540170,5504050,421,44.822017,-91.535388,Report received,86
Grandview High School,Milwaukee,High School,9,12,Public school,Alternative,No,2745 S 13TH St  Milwaukee WI  53215,Milwaukee,1,71877,3619,410,36190410,5509600,2577,42.994607,-87.929247,Report received,86
Heyer Elementary ,Waukesha,Elementary School,K4,5,Public school,Regular,No,1209 Heyer Dr  Waukesha WI  53186-6899,Waukesha,1,3977,6174,190,61740190,5515780,2013,42.989838,-88.210907,Report received,86
Highland Community Sch,Milwaukee,Elementary School,K3,8,Public school,Regular,Charter,1706 W Highland Ave  Milwaukee WI  53233-1198,Milwaukee,1,5628,3619,852,36190852,5509600,1847,43.0451,-87.934651,Report received,86
Honey Creek Elementary ,Milwaukee,Elementary School,K3,5,Public school,Regular,Charter,6701 W Eden Pl  Milwaukee WI  53220-1335,Milwaukee,1,5286,3619,334,36190334,5509600,1246,42.979498,-87.994825,Report received,86
Honor Intermediate,Herman-Neosho-Rubicon,Elementary School,5,8,Public school,Regular,No,N3501 County Road P  Rubicon WI  53078-9702,Dodge,6,1475,2525,150,25250150,5500075,3034,43.34028,-88.4576,Report received,86
Horace Mann Middle School ,Neenah Joint,Middle School,4,6,Public school,Regular,No,1021 Oak St  Neenah WI  54956-4126,Winnebago,6,17982,3892,215,38920215,5510320,579,44.168603,-88.460447,Report received,86
Horace Mann Middle School ,Sheboygan Area,Middle School,6,8,Public school,Regular,No,2820 Union Ave  Sheboygan WI  53081-5438,Sheboygan,7,2074,5271,110,52710110,5513650,1785,43.733941,-87.743855,Report received,86
Horace Mann Middle School ,Wausau,Middle School,6,8,Public school,Regular,No,3101 N 13th St  Wausau WI  54403-2317,Marathon,9,12311,6223,205,62230205,5515900,544,44.982816,-89.607632,Report received,86
Hudson Prairie Elementary ,Hudson,Elementary School,K4,5,Public school,Regular,No,1400 Carmichael Rd  Hudson WI  54016-7715,Saint Croix,11,48785,2611,140,26110140,5506690,1460,44.985577,-92.717978,Report received,86
IDEAL,Milwaukee,Elementary School,K3,8,Public school,Regular,Charter,1420 W Goldcrest Ave  Milwaukee WI  53221,Milwaukee,1,71631,3619,165,36190165,5509600,2493,42.939783,-87.932081,Report received,86
Iron River Elementary ,Maple,Elementary School,K4,5,Public school,Regular,No,7730 Pettingill Ave  Iron River WI  54847,Bayfield,12,16702,3297,80,32970080,5508640,983,46.561048,-91.413111,Report received,86
John Hustis Elementary ,Hustisford,Elementary School,K4,5,Public school,Regular,No,600 S Hustis St  Hustisford WI  53034,Dodge,6,1415,2625,20,26250020,5506780,737,43.339656,-88.605509,Report received,86
Lake Shore Middle School ,Mequon-Thiensville,Middle School,6,8,Public school,Regular,No,11036 N Range Line Rd  Mequon WI  53092-4998,Ozaukee,1,2331,3479,80,34790080,5509130,1086,43.21789,-87.943832,Report received,86
Lien Elementary ,Amery,Elementary School,K4,2,Public school,Regular,No,469 Minneapolis Ave S  Amery WI  54001-1599,Polk,11,9978,119,20,1190020,5500300,29,45.308737,-92.351753,Report received,86
Maryland Montessori,Milwaukee,Elementary School,K3,8,Public school,Regular,No,2418 N Maryland Ave  Milwaukee WI  53211-4438,Milwaukee,1,4812,3619,268,36190268,5509600,1216,43.062329,-87.882241,Report received,86
Necedah Elementary ,Necedah Area,Elementary School,K4,5,Public school,Regular,No,1801 S Main St  Necedah WI  54646-7858,Juneau,5,14766,3871,20,38710020,5510230,1337,44.000377,-90.074081,Report received,86
North Crawford High School,North Crawford,High School,9,12,Public school,Regular,No,47050 County Road X  Soldiers Grove WI  54655-8551,Crawford,3,14631,2016,120,20160120,5504980,543,43.369813,-90.808363,Report received,86
Phillips Middle School ,Phillips,Middle School,6,8,Public school,Regular,No,365 Highway 100  Phillips WI  54555,Price,12,13974,4347,130,43470130,5511730,1545,45.694449,-90.416929,Report received,86
Plum City High School,Plum City,High School,6,12,Public school,Regular,No,907 Main St  Plum City WI  54761-9013,Pierce,11,16002,4459,40,44590040,5511880,1557,44.636458,-92.19215,Report received,86
Project STAY,Milwaukee,High School,9,12,Public school,Alternative,No,609 N 8th St  Milwaukee WI  53233-2405,Milwaukee,1,30965,3619,458,36190458,5509600,1007,43.037828,-87.922166,Report received,86
Riverside Middle School ,Watertown Unified,Middle School,6,8,Public school,Regular,No,131 Hall St  Watertown WI  53094-4114,Jefferson,2,2390,6125,90,61250090,5515750,2000,43.193216,-88.704092,Report received,86
Southern Door Middle School ,Southern Door County,Middle School,6,8,Public school,Regular,No,2073 County Trunk DK  Brussels WI  54204,Door,7,11312,5457,40,54570040,5514130,1835,44.770504,-87.590047,Report received,86
Three Lakes Elementary ,Three Lakes,Elementary School,K4,6,Public school,Regular,No,6930 W School St  Three Lakes WI  54562-9010,Oneida,9,14037,5733,60,57330060,5514850,1928,45.79515,-89.167317,Report received,86
Tomah Middle School ,Tomah Area,Middle School,6,8,Public school,Regular,No,612 Hollister Ave  Tomah WI  54660-1960,Monroe,4,14955,5747,160,57470160,5514910,1938,43.981269,-90.508983,Report received,86
Wausaukee Jr,Wausaukee,Junior High School,7,8,Public school,Regular,No,N11941 US Highway 141  Wausaukee WI  54177-9300,Marinette,8,11257,6230,120,62300120,5515930,2069,45.383307,-87.876231,Report received,86
Wauwatosa Montessori Sch,Wauwatosa,Elementary School,K4,8,Public school,Regular,No,12121 W North Ave  Wauwatosa WI  53226-2096,Milwaukee,1,693,6244,110,62440110,5515990,2884,43.059337,-88.063961,Report received,86
Webster Stanley Middle School ,Oshkosh Area,Middle School,6,8,Public school,Regular,No,915 Hazel St  Oshkosh WI  54901-4057,Winnebago,6,17162,4179,500,41790500,5511190,1504,44.028471,-88.522726,Report received,86
White Lake Elementary ,White Lake,Elementary School,K4,6,Public school,Regular,No,405 Bissell St  White Lake WI  54491,Langlade,8,13411,6440,20,64400020,5516590,2164,45.155768,-88.764666,Report received,86
Whitman Elementary ,Milwaukee,Elementary School,K3,8,Public school,Regular,No,4200 S 54th St  Milwaukee WI  53220-3111,Milwaukee,1,5287,3619,397,36190397,5509600,1270,42.968532,-87.981194,Report received,86
Algoma Elementary ,Algoma,Elementary School,K4,6,Public school,Regular,No,514 Fremont St  Algoma WI  54201-1395,Kewaunee,7,11283,70,20,700020,5500150,15,44.606585,-87.439932,Report received,87
Algoma High School,Algoma,High School,7,12,Public school,Regular,No,1715 Division St  Algoma WI  54201-1498,Kewaunee,7,11284,70,40,700040,5500150,16,44.599594,-87.444206,Report received,87
Belmont High School,Belmont Community,High School,6,12,Public school,Regular,No,646 E Liberty St  Belmont WI  53510-9667,Lafayette,3,6016,364,40,3640040,5501020,135,42.741891,-90.326638,Report received,87
Birchwood Public Montessori,Birchwood,Elementary School,K4,6,Public school,Regular,Charter,201 E Birch St  Birchwood WI  54817,Washburn,11,753,441,130,4410130,5501170,2937,45.655324,-91.553837,Report received,87
Bradley Tech High School,Milwaukee,High School,9,12,Public school,Regular,No,700 S Fourth St  Milwaukee WI  53204-1760,Milwaukee,1,4484,3619,14,36190014,5509600,1218,43.023721,-87.91465,Report received,87
Brass Community Sch,Kenosha,Elementary School,K4,5,Public school,Regular,No,6400 15th Ave  Kenosha WI  53143-4962,Kenosha,1,3078,2793,340,27930340,5507320,816,42.576053,-87.828147,Report received,87
Butternut High School,Butternut,High School,6,12,Public school,Regular,No,312 W Wisconsin St  Butternut WI  54514,Ashland,12,13665,840,40,8400040,5501920,246,46.01588,-90.496513,Report received,87
Clinton Middle School ,Clinton Community,Middle School,5,8,Public school,Regular,No,115 Milwaukee Rd  Clinton WI  53525,Rock,2,6258,1134,80,11340080,5502640,297,42.558544,-88.858328,Report received,87
Dimensions of Learning Acad,Kenosha,Elementary School,KG,8,Public school,Regular,Charter,6218 25th Ave  Kenosha WI  53143-4370,Kenosha,1,71193,2793,130,27930130,5507320,2457,42.578039,-87.8395,Report received,87
Edison Middle School ,Green Bay Area Public,Middle School,6,8,Public school,Regular,No,442 Alpine Dr  Green Bay WI  54302-5199,Brown,7,11846,2289,190,22890190,5505820,619,44.492043,-87.949308,Report received,87
Edison Middle School ,Janesville,Middle School,6,8,Public school,Regular,No,1649 S Chatham St  Janesville WI  53546-5899,Rock,2,6685,2695,70,26950070,5507020,758,42.655642,-89.036199,Report received,87
Erin Elementary ,Erin,Elementary School,K4,8,Public school,Regular,No,6901 County Highway O  Hartford WI  53027-9729,Washington,6,1178,1687,20,16870020,5504410,476,43.357616,-88.319032,Report received,87
Frank Elementary ,Kenosha,Elementary School,K4,5,Public school,Regular,No,1816 57th St  Kenosha WI  53140-3947,Kenosha,1,3070,2793,160,27930160,5507320,807,42.582783,-87.831245,Report received,87
Hatley Elementary ,D C Everest Area,Elementary School,PK,5,Public school,Regular,No,417 Emmonsville Rd  Hatley WI  54440-9769,Marathon,9,12656,4970,60,49700060,5513170,1738,44.888496,-89.336203,Report received,87
Honor Elementary ,Herman-Neosho-Rubicon,Elementary School,K4,4,Public school,Regular,No,201 Center St  Neosho WI  53059-9518,Dodge,6,1474,2525,100,25250100,5500075,3033,43.310184,-88.513249,Report received,87
Jack Young Middle School ,Baraboo,Middle School,6,8,Public school,Regular,No,1531 Draper St  Baraboo WI  53913-1236,Sauk,5,9314,280,20,2800020,5500810,102,43.480483,-89.755873,Report received,87
John Edwards Middle School ,Port Edwards,Middle School,5,8,Public school,Regular,No,801 2nd St  Port Edwards WI  54469-1301,Wood,5,13061,4508,80,45080080,5511970,580,44.346796,-89.860394,Report received,87
Kansasville Elementary ,Dover #1,Elementary School,K4,8,Public school,Regular,No,4101 S Beaumont Ave  Kansasville WI  53139-9517,Racine,2,3052,1449,20,14490020,5503750,394,42.684845,-88.110368,Report received,87
Kettle Moraine 4K,Kettle Moraine,Elementary School,K4,0,Public school,Regular,No,W313S4134 Highway 83  Genesee Depot WI  53127,Waukesha,1,552,1376,100,13760100,5503510,2852,42.969753,-88.372876,Report received,87
Loyal High School,Loyal,High School,9,12,Public school,Regular,No,514 W Central  Loyal WI  54446,Clark,10,12671,3206,60,32060060,5508250,912,44.735362,-90.504335,Report received,87
Maple Grove Sch,Merrill Area,Elementary School,KG,5,Public school,Regular,Charter,290 County Road F  Hamburg WI  54411,Marathon,9,756,3500,110,35000110,5509210,2917,45.090523,-89.88513,Report received,87
Menomonie Middle School ,Menomonie Area,Middle School,6,8,Public school,Regular,No,920 21st St S  Menomonie WI  54751-2276,Dunn,11,15815,3444,160,34440160,5509090,1080,44.874357,-91.900348,Report received,87
Metcalfe Elementary ,Milwaukee,Elementary School,K3,8,Public school,Regular,No,3400 W North Ave  Milwaukee WI  53208-1448,Milwaukee,1,71241,3619,525,36190525,5509600,2464,43.061138,-87.956176,Report received,87
New Century Sch,Verona Area,Elementary School,KG,5,Public school,Regular,Charter,420 Church St  Verona WI  53593,Dane,2,30553,5901,140,59010140,5515330,1186,42.989582,-89.536781,Report received,87
Northland Pines Elementary -Eagle River,Northland Pines,Elementary School,K4,6,Public school,Regular,No,1700 Pleasure Island Rd  Eagle River WI  54521-8927,Vilas,9,13708,1526,40,15260040,5503860,404,45.934537,-89.25299,Report received,87
Palmyra-Eagle High School,Palmyra-Eagle Area,High School,9,12,Public school,Regular,No,123 Burr Oak St  Palmyra WI  53156,Jefferson,2,3574,4221,15,42210015,5511350,2274,42.873843,-88.592321,Report received,87
Pembine High School,Beecher-Dunbar-Pembine,High School,7,12,Public school,Regular,No,N18775 Sauld St  Pembine WI  54156,Marinette,8,11041,4263,60,42630060,5511550,1530,45.63524,-87.99095,Report received,87
Read Elementary ,Oshkosh Area,Elementary School,PK,5,Public school,Regular,No,1120 Algoma Blvd  Oshkosh WI  54901-3516,Winnebago,6,17157,4179,340,41790340,5511190,1498,44.030553,-88.554811,Report received,87
Rib Lake High School,Rib Lake,High School,9,12,Public school,Regular,No,1200 North St  Rib Lake WI  54470,Taylor,9,13075,4795,60,47950060,5512780,1687,45.324184,-90.206196,Report received,87
Riverdale Elementary ,Riverdale,Elementary School,K4,6,Public school,Regular,No,800 N 6th St  Muscoda WI  53573,Grant,3,30776,3850,150,38500150,5510140,1063,43.189161,-90.436608,Report received,87
Roy Chapman Andrews Acad,Beloit,Combined Elementary/Secondary School,6,12,Public school,Regular,Charter,1225 4th St  Beloit WI  53511,Rock,2,271,413,410,4130410,5501050,2705,42.513328,-89.037796,Report received,87
SAGES,Waupun,Elementary School,K4,6,Public school,Regular,Charter,200 S Depot St  Fox Lake WI  53933-9625,Dodge,6,727,6216,150,62160150,5515870,2903,43.564839,-88.90482,Report received,87
Sevastopol Middle School ,Sevastopol,Middle School,6,8,Public school,Regular,No,4550 Highway 57  Sturgeon Bay WI  54235-8599,Door,7,11594,5130,30,51300030,5513500,496,44.890504,-87.28984,Report received,87
Silverbrook Intermediate,West Bend,Elementary School,5,6,Public school,Regular,No,120 N Silverbrook Dr  West Bend WI  53095-3199,Washington,6,2464,6307,160,63070160,5516290,2134,43.423712,-88.194783,Report received,87
South Mountain Elementary ,Wausau,Elementary School,KG,5,Public school,Regular,No,5400 Bittersweet Rd  Wausau WI  54401-7588,Marathon,9,31091,6223,130,62230130,5515900,1409,44.907352,-89.672704,Report received,87
South Shore Elementary ,South Shore,Elementary School,K4,6,Public school,Regular,No,9135 School Rd  Port Wing WI  54865-5752,Bayfield,12,16836,4522,40,45220040,5512030,1571,46.780558,-91.380931,Report received,87
Spring Hill Middle School ,Wisconsin Dells,Middle School,6,8,Public school,Regular,No,300 Vine St  Wisconsin Dells WI  53965-1845,Columbia,5,71198,6678,200,66780200,5517040,2271,43.621741,-89.760195,Report received,87
Spring Valley Middle School ,Spring Valley,Middle School,6,8,Public school,Regular,No,S1450 County Road CC  Spring Valley WI  54767-0249,Pierce,11,16047,5586,70,55860070,5514340,511,44.781928,-92.283761,Report received,87
Tiffany Creek Elementary ,Boyceville Community,Elementary School,K4,6,Public school,Regular,No,161 East St  Boyceville WI  54725-9407,Dunn,11,15432,637,20,6370020,5501590,201,45.051142,-92.035393,Report received,87
Van Brunt Elementary ,Horicon,Elementary School,K4,6,Public school,Regular,No,611 Mill St  Horicon WI  53032-1461,Dodge,6,1371,2576,40,25760040,5506570,711,43.449242,-88.62693,Report received,87
Wheatland Center Elementary ,Wheatland J1,Elementary School,K4,8,Public school,Regular,No,6606 368th Ave  Burlington WI  53105-8583,Kenosha,2,2589,6412,20,64120020,5516560,2163,42.575423,-88.256974,Report received,87
Williams Bay Middle School ,Williams Bay,Middle School,6,8,Public school,Regular,No,500 W Geneva St  Williams Bay WI  53191,Walworth,2,4246,6482,30,64820030,5516740,277,42.57638,-88.563924,Report received,87
4K Community Sch,Burlington Area,Elementary School,K4,0,Public school,Regular,No,100 N Kane St  Burlington WI  53105-1896,Racine,2,934,777,150,7770150,5501890,2987,42.675922,-88.276608,Report received,88
Adams Elementary ,Janesville,Elementary School,K4,5,Public school,Regular,No,1138 E Memorial Dr  Janesville WI  53545-1800,Rock,2,6575,2695,20,26950020,5507020,756,42.692722,-89.011024,Report received,88
ASSATA,Milwaukee,High School,9,12,Public school,Alternative,No,3517 W Courtland Ave  Milwaukee WI  53209-5919,Milwaukee,1,30923,3619,1063,36191063,5509600,792,43.102097,-87.957303,Report received,88
Atwater Elementary,Shorewood,Elementary School,K4,6,Public school,Regular,No,2100 E Capitol Dr  Shorewood WI  53211-2198,Milwaukee,1,4813,5355,20,53550020,5513800,1809,43.090444,-87.883761,Report received,88
Baraboo High School,Baraboo,High School,9,12,Public school,Regular,No,1201 Draper St  Baraboo WI  53913-1299,Sauk,5,9315,280,40,2800040,5500810,103,43.477086,-89.756122,Report received,88
BELC--Renewal Head Start,Baraboo,Elementary School,K4,0,Public school,Regular,No,707 Center St  Baraboo WI  53913-2000,Sauk,5,501,280,160,2800160,5500810,2802,43.47222,-89.749399,Report received,88
Belmont Elementary ,Belmont Community,Elementary School,K4,5,Public school,Regular,No,646 E Liberty St  Belmont WI  53510-9667,Lafayette,3,6015,364,20,3640020,5501020,134,42.741891,-90.326638,Report received,88
Bryant Elementary ,Milwaukee,Elementary School,K3,5,Public school,Regular,No,8718 W Thurston Ave  Milwaukee WI  53225-2829,Milwaukee,1,5471,3619,94,36190094,5509600,1134,43.122006,-88.021935,Report received,88
Bryant Elementary ,Superior,Elementary School,K4,5,Public school,Regular,No,1423 Central Ave  Superior WI  54880-5999,Douglas,12,16963,5663,40,56630040,5514670,1906,46.665881,-92.100192,Report received,88
Cassville Elementary ,Cassville,Elementary School,K4,6,Public school,Regular,No,412 Crawford St  Cassville WI  53806-9685,Grant,3,8799,994,20,9940020,5502400,264,42.782451,-90.945303,Report received,88
Cedar Grove-Belgium Middle School ,Cedar Grove-Belgium Area,Middle School,5,8,Public school,Regular,No,50 W Union Ave  Cedar Grove WI  53013-1395,Sheboygan,7,70002,1029,200,10290200,5502430,1629,43.57215,-87.822345,Report received,88
Chetek-Weyerhaeuser High School,Chetek-Weyerhaeuser Area,High School,9,12,Public school,Regular,No,1001 Knapp St  Chetek WI  54728-9107,Barron,11,530,1080,400,10800400,5500061,2807,45.313695,-91.661452,Report received,88
Clayton Middle School ,Clayton,Middle School,6,8,Public school,Regular,No,236 Polk Ave W  Clayton WI  54004,Polk,11,10046,1120,60,11200060,5502580,558,45.329277,-92.174772,Report received,88
Edgerton Middle School ,Edgerton,Middle School,6,8,Public school,Regular,No,300 Elm High Dr  Edgerton WI  53534-1497,Rock,2,6436,1568,60,15680060,5504110,444,42.841832,-89.07649,Report received,88
Elcho Middle School ,Elcho,Middle School,6,8,Public school,Regular,No,N11268 Antigo St  Elcho WI  54428,Langlade,9,864,1582,250,15820250,5504170,2947,45.413361,-89.143347,Report received,88
Fernwood Montessori,Milwaukee,Elementary School,K3,8,Public school,Regular,No,3239 S Pennsylvania Ave  Milwaukee WI  53207-3131,Milwaukee,1,4589,3619,158,36190158,5509600,1160,42.9859,-87.880692,Report received,88
Fond du Lac STEM Institute,Fond du Lac,Combined Elementary/Secondary School,6,11,Public school,Regular,Charter,401 S Military Rd  Fond du Lac WI  54935,Fond du Lac,6,795,1862,210,18620210,5504680,2966,43.768808,-88.458073,Report received,88
Forest Home Elementary ,Milwaukee,Elementary School,K3,5,Public school,Regular,No,1516 W Forest Home Ave  Milwaukee WI  53204-3256,Milwaukee,1,4488,3619,173,36190173,5509600,1163,43.011164,-87.931432,Report received,88
Franklin Middle School ,Green Bay Area Public,Middle School,6,8,Public school,Regular,No,1233 Lore Ln  Green Bay WI  54303,Brown,7,11886,2289,300,22890300,5505820,623,44.519859,-88.048432,Report received,88
Franklin Middle School ,Janesville,Middle School,6,8,Public school,Regular,No,450 N Crosby Ave  Janesville WI  53548-3340,Rock,2,6577,2695,80,26950080,5507020,759,42.685172,-89.05035,Report received,88
Fratney Elementary ,Milwaukee,Elementary School,K3,5,Public school,Regular,No,3255 N Fratney St  Milwaukee WI  53212-2240,Milwaukee,1,4878,3619,182,36190182,5509600,1166,43.077509,-87.90193,Report received,88
Glidden Elementary ,Chequamegon,Elementary School,K4,3,Public school,Regular,No,64 S Grant St  Glidden WI  54527,Ashland,12,450,1071,100,10710100,5500058,590,46.134331,-90.577039,Report received,88
Granton Elementary ,Granton Area,Elementary School,K4,5,Public school,Regular,No,217 N Main St  Granton WI  54436-7835,Clark,10,12618,2226,20,22260020,5505640,599,44.592434,-90.461868,Report received,88
Hadfield Elementary ,Waukesha,Elementary School,K4,5,Public school,Regular,No,733 Linden St  Waukesha WI  53186-5161,Waukesha,1,3976,6174,160,61740160,5515780,2011,43.009486,-88.217199,Report received,88
Hopkins Lloyd,Milwaukee,Elementary School,K3,8,Public school,Regular,No,1503 W Hopkins St  Milwaukee WI  53206-2165,Milwaukee,1,4546,3619,253,36190253,5509600,1208,43.070432,-87.931668,Report received,88
Humke Elementary ,Nekoosa,Elementary School,PK,3,Public school,Regular,No,500 S Section St  Nekoosa WI  54457-1499,Wood,5,12969,3906,40,39060040,5510380,2344,44.310224,-89.904505,Report received,88
Indian Mound Middle School ,McFarland,Middle School,6,8,Public school,Regular,No,6330 Exchange St  McFarland WI  53558-9250,Dane,2,6858,3381,60,33810060,5508910,1036,43.008693,-89.298045,Report received,88
John Long Middle School ,Grafton,Middle School,6,8,Public school,Regular,No,700 Hickory St  Grafton WI  53024-1122,Ozaukee,1,1149,2217,60,22170060,5505610,2249,43.330905,-87.956741,Report received,88
Kaleidoscope Acad,Appleton Area,Middle School,6,8,Public school,Regular,Charter,318 E Brewster St  Appleton WI  54911-3799,Outagamie,6,256,147,250,1470250,5500390,2759,44.275211,-88.401851,Report received,88
Ladysmith Middle School ,Ladysmith,Middle School,6,8,Public school,Regular,No,1700 Edgewood Ave E  Ladysmith WI  54848,Rusk,10,16714,2856,100,28560100,5507590,878,45.473229,-91.087153,Report received,88
Lewiston Elementary ,Portage Community,Elementary School,KG,5,Public school,Regular,No,W11195 State Road 127  Portage WI  53901-9413,Columbia,5,9210,4501,100,45010100,5512060,2280,43.53915,-89.46262,Report received,88
Lincoln Avenue Elementary ,Milwaukee,Elementary School,K3,5,Public school,Regular,No,1817 W Lincoln Ave  Milwaukee WI  53215-2650,Milwaukee,1,5047,3619,250,36190250,5509600,1206,43.002061,-87.935988,Report received,88
Lineville Intermediate,Howard-Suamico,Elementary School,5,6,Public school,Regular,No,2700 Lineville Rd  Green Bay WI  54313-7151,Brown,7,71192,2604,110,26040110,5506630,2456,44.591751,-88.088082,Report received,88
Little Chute Intermediate,Little Chute Area,Elementary School,5,6,Public school,Regular,No,1402 Freedom Rd  Little Chute WI  54140-3300,Outagamie,6,694,3129,100,31290100,5508160,2858,44.287882,-88.311993,Report received,88
Lombardi Middle School ,Green Bay Area Public,Middle School,6,8,Public school,Regular,No,1520 S Point Rd  Green Bay WI  54313-5497,Brown,7,12092,2289,425,22890425,5505820,631,44.513616,-88.111997,Report received,88
Lomira Middle School ,Lomira,Middle School,6,8,Public school,Regular,No,1030 4th St  Lomira WI  53048-9558,Dodge,6,1587,3171,70,31710070,5508220,909,43.588852,-88.44508,Report received,88
Maple Tree Elementary ,Milwaukee,Elementary School,K3,5,Public school,Regular,No,6644 N 107th St  Milwaukee WI  53224-5006,Milwaukee,1,5458,3619,267,36190267,5509600,1214,43.138727,-88.043138,Report received,88
Mapleview Intermediate,Kimberly Area,Elementary School,5,6,Public school,Regular,No,125 E Kimberly Ave  Kimberly WI  54136-1402,Outagamie,6,164,2835,140,28350140,5507470,2642,44.271719,-88.333445,Report received,88
Milw College Prep--North,Milwaukee,Elementary School,K4,8,Public school,Regular,Charter,1350 W North Ave  Milwaukee WI  53205-1257,Milwaukee,1,1515,3619,121,36190121,5509600,3006,43.061111,-87.929157,Report received,88
Milw French Immersion,Milwaukee,Elementary School,K3,5,Public school,Regular,No,2360 N 52nd St  Milwaukee WI  53210-2701,Milwaukee,1,5600,3619,140,36190140,5509600,2340,43.06156,-87.978067,Report received,88
Montello Jr/Sr High School,Montello,High School,6,12,Public school,Regular,No,222 Forest Ln  Montello WI  53949-9390,Marquette,5,9664,3689,40,36890040,5509870,1303,43.796797,-89.321955,Report received,88
Neillsville Elementary ,Neillsville,Elementary School,K4,6,Public school,Regular,No,504 E 5th St  Neillsville WI  54456-2024,Clark,10,12934,3899,20,38990020,5510350,1356,44.559705,-90.589934,Report received,88
North Division High School 0419,Milwaukee,High School,9,12,Public school,Regular,No,1011 W Center St  Milwaukee WI  53206-3262,Milwaukee,1,307,3619,419,36190419,5509600,2730,43.066706,-87.925832,Report received,88
Oak Creek East Middle School ,Oak Creek-Franklin Joint,Middle School,6,8,Public school,Regular,No,9330 S Shepard Ave  Oak Creek WI  53154-4548,Milwaukee,1,3534,4018,120,40180120,5510830,1412,42.875349,-87.900655,Report received,88
Ozaukee Middle School ,Northern Ozaukee,Middle School,6,8,Public school,Regular,No,401 Highland Dr  Fredonia WI  53021-9491,Ozaukee,1,1103,1945,80,19450080,5504890,531,43.474149,-87.942399,Report received,88
Prentice Elementary ,Prentice,Elementary School,K4,4,Public school,Regular,No,1025 Town St  Prentice WI  54556,Price,9,14005,4571,40,45710040,5512210,1588,45.544392,-90.290837,Report received,88
Richland Center High School,Richland,High School,9,12,Public school,Regular,No,1996 US Hwy 14 W  Richland Center WI  53581-1352,Richland,3,7308,4851,320,48510320,5512960,1707,43.3446,-90.40283,Report received,88
River Valley Middle School ,River Valley,Middle School,5,8,Public school,Regular,No,660 W Daley St  Spring Green WI  53588,Sauk,3,7466,5523,100,55230100,5514250,1856,43.178135,-90.076518,Report received,88
Roosevelt Elementary ,Eau Claire Area,Elementary School,KG,5,Public school,Regular,No,3010 8th St  Eau Claire WI  54703-1598,Eau Claire,10,15312,1554,480,15540480,5504050,437,44.83034,-91.521109,Report received,88
Roosevelt Elementary ,Janesville,Elementary School,K4,5,Public school,Regular,No,316 S Ringold St  Janesville WI  53545-4198,Rock,2,6583,2695,320,26950320,5507020,773,42.682932,-89.00771,Report received,88
Roosevelt Elementary ,Kenosha,Elementary School,K4,5,Public school,Regular,No,3322 Roosevelt Rd  Kenosha WI  53142-3935,Kenosha,1,3085,2793,460,27930460,5507320,823,42.57028,-87.848552,Report received,88
Roosevelt Elementary ,Neenah Joint,Elementary School,KG,5,Public school,Regular,No,215 E Forest Ave  Neenah WI  54956-2797,Winnebago,6,17980,3892,200,38920200,5510320,1350,44.190084,-88.454026,Report received,88
Roosevelt Elementary ,Oshkosh Area,Elementary School,KG,5,Public school,Regular,No,910 N Sawyer St  Oshkosh WI  54902-3300,Winnebago,6,17158,4179,360,41790360,5511190,1499,44.028605,-88.567028,Report received,88
Roosevelt Elementary ,Racine Unified,Elementary School,K4,5,Public school,Regular,No,915 Romayne Ave  Racine WI  53402,Racine,1,5706,4620,154,46200154,5512360,1637,42.750456,-87.791417,Report received,88
Roosevelt Elementary ,Stevens Point Area Public,Elementary School,PK,6,Public school,Regular,No,2200 Wisconsin Ave  Plover WI  54467-9355,Portage,5,13045,5607,260,56070260,5514490,1879,44.463695,-89.541261,Report received,88
Roosevelt Elementary ,Wauwatosa,Elementary School,K4,5,Public school,Regular,No,2535 N 73rd St  Wauwatosa WI  53213-1299,Milwaukee,1,4928,6244,200,62440200,5515990,2087,43.06531,-88.004535,Report received,88
RUSD Montessori,Racine Unified,Elementary School,K4,5,Public school,Regular,No,4800 Graceland Blvd  Racine WI  53406-3603,Racine,1,1487,4620,101,46200101,5512360,3044,42.726979,-87.837556,Report received,88
Sauk Prairie Middle School ,Sauk Prairie,Middle School,6,8,Public school,Regular,No,207 Maple St  Sauk City WI  53583-1042,Sauk,5,7366,5100,140,51000140,5513410,1760,43.281247,-89.73226,Report received,88
Seneca High School,Seneca Area,High School,9,12,Public school,Regular,No,202 Main St  Seneca WI  54654,Crawford,3,14867,5124,80,51240080,5513470,1765,43.265444,-90.957471,Report received,88
Southwestern Wisconsin High School,Southwestern Wisconsin,High School,9,12,Public school,Regular,No,1105 Maple St  Hazel Green WI  53811,Grant,3,8924,2485,60,24850060,5506300,696,42.530517,-90.439137,Report received,88
Stratford Middle School ,Stratford,Middle School,6,8,Public school,Regular,No,522 N Third Ave  Stratford WI  54484,Marathon,9,776,5628,230,56280230,5514580,2939,44.805774,-90.075752,Report received,88
Timber PUPS Learning Ctr,Tomah Area,Elementary School,K4,0,Public school,Regular,No,TASD District Office 129 W Clifton St Tomah WI  54660-2507,Monroe,4,479,5747,120,57470120,5514910,2797,43.983826,-90.473336,Report received,88
Tomahawk Middle School ,Tomahawk,Middle School,6,8,Public school,Regular,No,1048 E Kings Rd  Tomahawk WI  54487,Lincoln,9,13351,5754,220,57540220,5514940,1948,45.476675,-89.712568,Report received,88
Vincent High School,Milwaukee,High School,9,12,Public school,Regular,No,7501 N Granville Rd  Milwaukee WI  53224-3927,Milwaukee,1,5454,3619,33,36190033,5509600,2272,43.154667,-88.031901,Report received,88
Viroqua Elementary ,Viroqua Area,Elementary School,K4,4,Public school,Regular,No,115 N Education Ave  Viroqua WI  54665-1318,Vernon,4,15033,5985,180,59850180,5515360,1975,43.55656,-90.902928,Report received,88
Viroqua Middle School ,Viroqua Area,Middle School,5,8,Public school,Regular,No,100 Blackhawk Dr  Viroqua WI  54665-1315,Vernon,4,15035,5985,230,59850230,5515360,1977,43.558921,-90.900843,Report received,88
Watertown 4 Kids,Watertown Unified,Elementary School,K4,0,Public school,Regular,No,111 Dodge St  Watertown WI  53094-4434,Jefferson,2,203,6125,110,61250110,5515750,2661,43.191712,-88.724119,Report received,88
Waupaca Middle School ,Waupaca,Middle School,5,8,Public school,Regular,No,1149 Shoemaker Rd  Waupaca WI  54981,Waupaca,5,18286,6195,150,61950150,5515840,2036,44.346949,-89.069484,Report received,88
Williams Bay High School,Williams Bay,High School,9,12,Public school,Regular,No,500 W Geneva St  Williams Bay WI  53191,Walworth,2,4247,6482,40,64820040,5516740,2187,42.57638,-88.563924,Report received,88
Woodland Elementary ,Barron Area,Elementary School,K4,4,Public school,Regular,No,808 E Woodland Ave  Barron WI  54812-1759,Barron,11,16379,308,160,3080160,5500870,119,45.397278,-91.845944,Report received,88
Alcott Elementary ,Milwaukee,Elementary School,K3,8,Public school,Regular,No,3563 S 97th St  Milwaukee WI  53228-1416,Milwaukee,1,5599,3619,75,36190075,5509600,1121,42.979106,-88.035207,Report received,89
Allenton Elementary ,Slinger,Elementary School,K4,5,Public school,Regular,No,228 Weis St  Allenton WI  53002-9570,Washington,6,825,5390,10,53900010,5513950,1818,43.416429,-88.335629,Report received,89
Alliance School of Milw,Milwaukee,High School,9,12,Public school,Regular,Charter,850 W Walnut St  Milwaukee WI  53205,Milwaukee,1,89,3619,413,36190413,5509600,2603,43.053795,-87.92147,Report received,89
Ashland High School,Ashland,High School,9,12,Public school,Regular,No,1900 Beaser Ave  Ashland WI  54806-3603,Ashland,12,16205,170,20,1700020,5500510,73,46.571169,-90.883957,Report received,89
Augusta High School,Augusta,High School,9,12,Public school,Regular,No,E19320 Bartig Rd  Augusta WI  54722-7501,Eau Claire,10,15387,217,40,2170040,5500630,93,44.726811,-91.212598,Report received,89
Bayfield Elementary ,Bayfield,Elementary School,K4,5,Public school,Regular,No,300 N 4th St  Bayfield WI  54814,Bayfield,12,16446,315,20,3150020,5500900,120,46.815143,-90.819396,Report received,89
Bayshore Community Acad,Oconto Unified,Middle School,5,8,Public school,Regular,Charter,400 Michigan Ave  Oconto WI  54153-1764,Oconto,8,787,4067,200,40670200,5510920,2977,44.891477,-87.870875,Report received,89
Beaver Dam Middle School ,Beaver Dam Unified,Middle School,6,8,Public school,Regular,No,108 Fourth St  Beaver Dam WI  53916-2052,Dodge,6,9377,336,20,3360020,5500960,122,43.459632,-88.839316,Report received,89
Butternut Elementary ,Butternut,Elementary School,K4,5,Public school,Regular,No,312 W Wisconsin St  Butternut WI  54514,Ashland,12,13664,840,20,8400020,5501920,245,46.01588,-90.496513,Report received,89
Clintonville Middle School ,Clintonville,Middle School,5,8,Public school,Regular,No,255 N Main St  Clintonville WI  54929-1154,Waupaca,8,17567,1141,20,11410020,5502670,301,44.632571,-88.753773,Report received,89
Consolidated Elementary ,Milton,Elementary School,KG,3,Public school,Regular,No,4838 N County Road F  Janesville WI  53545-8906,Rock,2,6586,3612,40,36120040,5509570,1115,42.738888,-89.0403,Report received,89
Dodgeland Elementary ,Dodgeland,Elementary School,K4,5,Public school,Regular,No,401 S Western Ave  Juneau WI  53039-1013,Dodge,6,1471,2744,40,27440040,5507260,791,43.401909,-88.71649,Report received,89
Dodgeland High School,Dodgeland,High School,9,12,Public school,Regular,No,401 S Western Ave  Juneau WI  53039-1013,Dodge,6,1470,2744,22,27440022,5507260,787,43.401909,-88.71649,Report received,89
Doudna Elementary ,Richland,Elementary School,KG,5,Public school,Regular,No,1990 Bohmann Dr  Richland Center WI  53581-2909,Richland,3,7304,4851,30,48510030,5512960,2345,43.317755,-90.378372,Report received,89
Eagle Elementary ,Palmyra-Eagle Area,Elementary School,K4,6,Public school,Regular,No,810 E Main St  Eagle WI  53119,Waukesha,2,2777,4221,10,42210010,5511350,1513,42.882143,-88.462509,Report received,89
Edward Bain School Dual Language,Kenosha,Elementary School,KG,5,Public school,Regular,No,2600 50th St  Kenosha WI  53140-5811,Kenosha,1,752,2793,125,27930125,5507320,2923,42.591092,-87.841386,Report received,89
Farnsworth Middle School ,Sheboygan Area,Middle School,6,8,Public school,Regular,No,1017 Union Ave  Sheboygan WI  53081-5999,Sheboygan,7,2071,5271,60,52710060,5513650,1783,43.731619,-87.717111,Report received,89
Frederic 6-12 Sch,Frederic,High School,6,12,Public school,Regular,No,1437 Clam Falls Dr  Frederic WI  54837,Polk,11,16593,1939,40,19390040,5504860,526,45.669903,-92.455718,Report received,89
Friedrich Froebel Garden,Green Bay Area Public,Elementary School,K4,0,Public school,Regular,No,3542 Finger Rd  Green Bay WI  54311-7733,Brown,7,813,2289,170,22890170,5505820,2965,44.487262,-87.905237,Report received,89
Gibraltar Middle School ,Gibraltar Area,Middle School,7,8,Public school,Regular,No,3924 State Highway 42  Fish Creek WI  54212,Door,7,48808,2114,200,21140200,5505220,1456,45.127257,-87.230699,Report received,89
Gilman Elementary ,Gilman,Elementary School,K4,6,Public school,Regular,No,325 N Fifth Ave  Gilman WI  54433,Taylor,10,12599,2135,40,21350040,5505280,567,45.16884,-90.807063,Report received,89
Glenwood City High School,Glenwood City,High School,9,12,Public school,Regular,No,850 Maple St  Glenwood City WI  54013,Saint Croix,11,10119,2198,80,21980080,5505520,587,45.053079,-92.15456,Report received,89
Grewenow Elementary ,Kenosha,Elementary School,K4,5,Public school,Regular,No,7714 20th Ave  Kenosha WI  53143-5817,Kenosha,1,3072,2793,220,27930220,5507320,2260,42.563259,-87.83324,Report received,89
Groppi High School,Milwaukee,High School,9,12,Public school,Alternative,No,1312 N 27th St  Milwaukee WI  53208-2408,Milwaukee,1,30940,3619,236,36190236,5509600,963,43.047716,-87.946888,Report received,89
Houlton Elementary ,Hudson,Elementary School,KG,5,Public school,Regular,No,70 County Road E  Houlton WI  54082-2038,Saint Croix,11,10397,2611,20,26110020,5506690,725,45.06804,-92.749369,Report received,89
Ithaca Middle School ,Ithaca,Middle School,6,8,Public school,Regular,No,24615 State Hwy 58  Richland Center WI  53581-6642,Richland,3,7303,2660,80,26600080,5506960,753,43.342572,-90.281638,Report received,89
LIFE Entrepreneur Magnet Sch,Hartland-Lakeside J3,Middle School,6,8,Public school,Regular,No,800 E North Shore Dr  Hartland WI  53029-2713,Waukesha,1,550,2460,200,24600200,5506140,2837,43.084347,-88.334582,Report received,89
Loyal Jr,Loyal,Junior High School,7,8,Public school,Regular,No,514 W Central  Loyal WI  54446,Clark,10,12670,3206,40,32060040,5508250,913,44.735362,-90.504335,Report received,89
Meyer Middle School ,River Falls,Middle School,6,8,Public school,Regular,No,230 N 9th St  River Falls WI  54022-2568,Pierce,11,10271,4893,60,48930060,5513050,1723,44.859244,-92.614177,Report received,89
Milw School of Languages,Milwaukee,Combined Elementary/Secondary School,6,12,Public school,Regular,No,8400 W Burleigh St  Milwaukee WI  53222-3717,Milwaukee,1,5353,3619,71,36190071,5509600,1273,43.07615,-88.01871,Report received,89
Monroe Elementary ,Janesville,Elementary School,K4,5,Public school,Regular,No,55 S Pontiac Dr  Janesville WI  53545-2200,Rock,2,6581,2695,260,26950260,5507020,769,42.690403,-88.986779,Report received,89
Monroe Elementary ,Manitowoc,Elementary School,1,6,Public school,Regular,No,2502 S 14th St  Manitowoc WI  54220-6499,Manitowoc,7,11428,3290,220,32900220,5508610,978,44.068461,-87.667994,Report received,89
New London High School,New London,High School,9,12,Public school,Regular,No,1700 Klatt Rd  New London WI  54961-8603,Waupaca,6,18069,3955,80,39550080,5510590,1384,44.371802,-88.759282,Report received,89
New London Middle School ,New London,Middle School,5,8,Public school,Regular,No,1000 W Washington St  New London WI  54961-1699,Waupaca,6,18072,3955,140,39550140,5510590,1388,44.386057,-88.750641,Report received,89
Northwoods Community Elementary ,Rhinelander,Elementary School,K4,5,Public school,Regular,Charter,9086 County Road K  Harshaw WI  54529-9731,Oneida,9,13770,4781,20,47810020,5512720,1673,45.690115,-89.663974,Report received,89
Oak Creek West Middle School ,Oak Creek-Franklin Joint,Middle School,6,8,Public school,Regular,No,8401 S 13th St  Oak Creek WI  53154-2811,Milwaukee,1,3535,4018,130,40180130,5510830,419,42.892181,-87.933723,Report received,89
Osceola Middle School ,Osceola,Middle School,6,8,Public school,Regular,No,1029 Oak Ridge Dr  Osceola WI  54020,Polk,11,10221,4165,80,41650080,5511160,2319,45.330051,-92.69057,Report received,89
Ozaukee High School,Northern Ozaukee,High School,9,12,Public school,Regular,No,401 Highland Dr  Fredonia WI  53021-9491,Ozaukee,1,1102,1945,60,19450060,5504890,530,43.474149,-87.942399,Report received,89
Parkside Sch,Wautoma Area,Combined Elementary/Secondary School,4,8,Public school,Regular,No,300 S 16th Ave  Wautoma WI  54982,Waushara,5,18324,6237,30,62370030,5515960,2071,44.073837,-89.31037,Report received,89
Pembine Elementary ,Beecher-Dunbar-Pembine,Elementary School,K4,6,Public school,Regular,No,N18775 Sauld St  Pembine WI  54156,Marinette,8,11040,4263,40,42630040,5511550,1529,45.63524,-87.99095,Report received,89
Plum City Elementary ,Plum City,Elementary School,K4,5,Public school,Regular,No,621 Main St  Plum City WI  54761-9044,Pierce,11,16001,4459,20,44590020,5511880,1556,44.633309,-92.192464,Report received,89
Poynette Middle School ,Poynette,Middle School,6,8,Public school,Regular,No,108 N Cleveland St  Poynette WI  53955-8913,Columbia,5,9755,4536,100,45360100,5512120,1581,43.389505,-89.396799,Report received,89
Racine Early Education Ctr,Racine Unified,Elementary School,K4,0,Public school,Regular,No,2015 Franklin St  Racine WI  53403-2634,Racine,1,259,4620,114,46200114,5512360,2708,42.705576,-87.789972,Report received,89
Randolph High School,Randolph,High School,9,12,Public school,Regular,No,110 Meadowood Dr  Randolph WI  53956-1398,Dodge,5,9779,4634,40,46340040,5512420,1651,43.541887,-88.997536,Report received,89
Richland Middle School ,Richland,Middle School,6,8,Public school,Regular,No,1801 State Highway 80  Richland Center WI  53581,Richland,3,7307,4851,280,48510280,5512960,1708,43.319145,-90.387547,Report received,89
River Falls 4 Children,River Falls,Elementary School,K4,0,Public school,Regular,No,1007 W Pine St  River Falls WI  54022,Pierce,11,738,4893,130,48930130,5513050,2924,44.860915,-92.637812,Report received,89
River Valley Elementary ,River Valley,Elementary School,1,4,Public school,Regular,No,830 W Daley St  Spring Green WI  53588,Sauk,3,7448,5523,120,55230120,5514250,2346,43.178797,-90.079462,Report received,89
Rock River Charter Sch,Janesville,High School,6,12,Public school,Regular,Charter,31 W Milwaukee St  Janesville WI  53548-2911,Rock,2,51945,2695,400,26950400,5507020,1698,42.682025,-89.024441,Report received,89
Rogers Street Acad,Milwaukee,Elementary School,K3,8,Public school,Regular,No,2430 W Rogers St  Milwaukee WI  53204-3655,Milwaukee,1,101,3619,177,36190177,5509600,2601,43.008907,-87.944672,Report received,89
Saint Croix Central High School,Saint Croix Central,High School,9,12,Public school,Regular,No,1751 Broadway St  Hammond WI  54015-9701,Saint Croix,11,10148,2422,60,24220060,5506060,672,44.981483,-92.44764,Report received,89
Sevastopol Elementary ,Sevastopol,Elementary School,KG,5,Public school,Regular,No,4550 Highway 57  Sturgeon Bay WI  54235-8599,Door,7,11593,5130,20,51300020,5513500,1767,44.890504,-87.28984,Report received,89
Somers Elementary ,Kenosha,Elementary School,K4,5,Public school,Regular,No,1245 72nd Ave  Kenosha WI  53144-7211,Kenosha,1,3301,2793,500,27930500,5507320,824,42.639199,-87.895113,Report received,89
Spring Valley Elementary ,Antigo Unified,Elementary School,PK,5,Public school,Regular,No,N4754 County Road BB  Antigo WI  54409-8724,Langlade,9,12393,140,260,1400260,5500360,45,45.160809,-89.093942,Report received,89
Spring Valley Elementary ,Spring Valley,Elementary School,K4,5,Public school,Regular,No,200 Sabin Ave  Spring Valley WI  54767-0427,Pierce,11,16046,5586,60,55860060,5514340,1862,44.848228,-92.237303,Report received,89
Stanley-Boyd Middle School ,Stanley-Boyd Area,Middle School,6,8,Public school,Regular,No,507 E 1st Ave  Stanley WI  54768-1279,Chippewa,10,16074,5593,100,55930100,5514430,1866,44.961087,-90.924983,Report received,89
Thomas Jefferson Middle School ,Port Washington-Saukville,Middle School,5,8,Public school,Regular,No,1403 N Holden St  Port Washington WI  53074-1294,Ozaukee,1,1976,4515,140,45150140,5512000,1570,43.404582,-87.877842,Report received,89
Viroqua High School,Viroqua Area,High School,9,12,Public school,Regular,No,100 Blackhawk Dr  Viroqua WI  54665-1315,Vernon,4,15034,5985,220,59850220,5515360,1976,43.558921,-90.900843,Report received,89
W4K,Waupaca,Elementary School,K4,0,Public school,Regular,No,515 School St  Waupaca WI  54981-1658,Waupaca,5,938,6195,170,61950170,5515840,3007,44.355307,-89.079418,Report received,89
Wabeno High School,Wabeno Area,High School,7,12,Public school,Regular,No,4325 N Branch St  Wabeno WI  54566,Forest,8,14086,5992,80,59920080,5515390,1979,45.439457,-88.64801,Report received,89
Walworth Elementary ,Walworth J1,Elementary School,K4,8,Public school,Regular,No,121 Beloit St  Walworth WI  53184,Walworth,2,3819,6022,20,60220020,5515450,1981,42.530716,-88.600895,Report received,89
Washington Island High School,Washington,High School,9,12,Public school,Regular,No,888 Main Rd  Washington Island WI  54246,Door,7,11752,6069,40,60690040,5515570,1987,45.36126,-86.928629,Report received,89
Wausaukee Elementary ,Wausaukee,Elementary School,K4,6,Public school,Regular,No,N11941 US Highway 141  Wausaukee WI  54177-9300,Marinette,8,11255,6230,80,62300080,5515930,2067,45.383307,-87.876231,Report received,89
Webster Middle School ,Cedarburg,Middle School,6,8,Public school,Regular,No,W75N624 Wauwatosa Rd  Cedarburg WI  53012-1732,Ozaukee,1,930,1015,100,10150100,5502460,273,43.299908,-88.004223,Report received,89
Webster Middle School ,Webster,Middle School,5,8,Public school,Regular,No,7564 Alder St W  Webster WI  54893,Burnett,11,17089,6293,100,62930100,5516230,2100,45.875618,-92.374042,Report received,89
West Elementary -KG Ctr,Baraboo,Elementary School,K4,0,Public school,Regular,No,707 Center St  Baraboo WI  53913-2000,Sauk,5,66,280,120,2800120,5500810,2587,43.47222,-89.749399,Report received,89
Westby Elementary ,Westby Area,Elementary School,K4,4,Public school,Regular,No,122 Nelson St  Westby WI  54667,Vernon,4,15078,6321,180,63210180,5516410,2145,43.647993,-90.864704,Report received,89
Westview Elementary ,Platteville,Elementary School,1,4,Public school,Regular,No,1201 W Camp St  Platteville WI  53818,Grant,3,9019,4389,120,43890120,5511850,1555,42.741608,-90.493648,Report received,89
Whitehall Memorial Jr/Sr High School,Whitehall,High School,7,12,Public school,Regular,No,19121 Hobson St  Whitehall WI  54773-8652,Trempealeau,4,16162,6426,120,64260120,5516650,2176,44.364959,-91.3294,Report received,89
Wisconsin Heights Middle School ,Wisconsin Heights,Middle School,6,8,Public school,Regular,No,10173 US Highway 14  Mazomanie WI  53560-9587,Dane,2,26957,469,80,4690080,5501230,609,43.157292,-89.770632,Report received,89
Woodlands Sch,Woodlands Sch,Elementary School,K4,8,Non District Charter Schools,Regular,Charter,5510 W Bluemound Rd  Milwaukee WI  53208-3012,Milwaukee,1,4499,8113,8728,81138728,5500113,3353,43.036762,-87.982544,Report received,89
Yahara Elementary ,De Forest Area,Elementary School,KG,4,Public school,Regular,No,234 N Lexington Pkwy  De Forest WI  53532-3003,Dane,2,6363,1316,160,13160160,5503180,108,43.24984,-89.357467,Report received,89
Yahara Elementary ,Edgerton,Elementary School,1,5,Public school,Regular,No,8643 Raymond Rd  Edgerton WI  53534,Rock,2,6438,1568,160,15680160,5504110,446,42.799076,-89.156899,Report received,89